Sr No,Name,Type,Total,HP,Attack,Defense,Special Attack,Special Defense,Speed
1,Bulbasaur,GRASS,318,45,49,49,65,65,45
2,Bulbasaur,POISON,318,45,49,49,65,65,45
3,Ivysaur,GRASS,405,60,62,63,80,80,60
4,Ivysaur,POISON,405,60,62,63,80,80,60
5,Venusaur,GRASS,525,80,82,83,100,100,80
6,Venusaur,POISON,525,80,82,83,100,100,80
7,Mega Venusaur,GRASS,625,80,100,123,122,120,80
8,Mega Venusaur,POISON,625,80,100,123,122,120,80
9,Charmander,FIRE,309,39,52,43,60,50,65
10,Charmeleon,FIRE,405,58,64,58,80,65,80
11,Charizard,FIRE,534,78,84,78,109,85,100
12,Charizard,FLYING,534,78,84,78,109,85,100
13,Mega Charizard X,FIRE,634,78,130,111,130,85,100
14,Mega Charizard X,DRAGON,634,78,130,111,130,85,100
15,Mega Charizard Y,FIRE,634,78,104,78,159,115,100
16,Mega Charizard Y,FLYING,634,78,104,78,159,115,100
17,Squirtle,WATER,314,44,48,65,50,64,43
18,Wartortle,WATER,405,59,63,80,65,80,58
19,Blastoise,WATER,530,79,83,100,85,105,78
20,Mega Blastoise,WATER,630,79,103,120,135,115,78
21,Mega Blastoise,WATER,630,79,103,120,135,115,78
22,Caterpie,BUG,195,45,30,35,20,20,45
23,Metapod,BUG,205,50,20,55,25,25,30
24,Butterfree,BUG,385,60,45,50,80,80,70
25,Butterfree,FLYING,385,60,45,50,80,80,70
26,Weedle,BUG,195,40,35,30,20,20,50
27,Weedle,POISON,195,40,35,30,20,20,50
28,Kakuna,BUG,205,45,25,50,25,25,35
29,Kakuna,POISON,205,45,25,50,25,25,35
30,Beedrill,BUG,385,65,80,40,45,80,75
31,Beedrill,POISON,385,65,80,40,45,80,75
32,Pidgey,NORMAL,251,40,45,40,35,35,56
33,Pidgey,FLYING,251,40,45,40,35,35,56
34,Pidgeotto,NORMAL,349,63,60,55,50,50,71
35,Pidgeotto,FLYING,349,63,60,55,50,50,71
36,Pidgeot,NORMAL,469,83,80,75,70,70,91
37,Pidgeot,FLYING,469,83,80,75,70,70,91
38,Rattata,NORMAL,253,30,56,35,25,35,72
39,Raticate,NORMAL,413,55,81,60,50,70,97
40,Spearow,NORMAL,262,40,60,30,31,31,70
41,Spearow,FLYING,262,40,60,30,31,31,70
42,Fearow,NORMAL,442,65,90,65,61,61,100
43,Fearow,FLYING,442,65,90,65,61,61,100
44,Ekans,POISON,288,35,60,44,40,54,55
45,Arbok,POISON,438,60,85,69,65,79,80
46,Pikachu,ELECTRIC,300,35,55,30,50,40,90
47,Raichu,ELECTRIC,475,60,90,55,90,80,100
48,Sandshrew,GROUND,300,50,75,85,20,30,40
49,Sandslash,GROUND,450,75,100,110,45,55,65
50,Nidoran♀,POISON,275,55,47,52,40,40,41
51,Nidorina,POISON,365,70,62,67,55,55,56
52,Nidoqueen,POISON,495,90,82,87,75,85,76
53,Nidoqueen,GROUND,495,90,82,87,75,85,76
54,Nidoran♂,POISON,273,46,57,40,40,40,50
55,Nidorino,POISON,365,61,72,57,55,55,65
56,Nidoking,POISON,495,81,92,77,85,75,85
57,Nidoking,GROUND,495,81,92,77,85,75,85
58,Clefairy,FAIRY,323,70,45,48,60,65,35
59,Clefable,FAIRY,473,95,70,73,85,90,60
60,Vulpix,FIRE,299,38,41,40,50,65,65
61,Ninetales,FIRE,505,73,76,75,81,100,100
62,Jigglypuff,NORMAL,270,115,45,20,45,25,20
63,Jigglypuff,FAIRY,270,115,45,20,45,25,20
64,Wigglytuff,NORMAL,425,140,70,45,75,50,45
65,Wigglytuff,FAIRY,425,140,70,45,75,50,45
66,Zubat,POISON,245,40,45,35,30,40,55
67,Zubat,FLYING,245,40,45,35,30,40,55
68,Golbat,POISON,455,75,80,70,65,75,90
69,Golbat,FLYING,455,75,80,70,65,75,90
70,Oddish,GRASS,320,45,50,55,75,65,30
71,Oddish,POISON,320,45,50,55,75,65,30
72,Gloom,GRASS,395,60,65,70,85,75,40
73,Gloom,POISON,395,60,65,70,85,75,40
74,Vileplume,GRASS,480,75,80,85,100,90,50
75,Vileplume,POISON,480,75,80,85,100,90,50
76,Paras,BUG,285,35,70,55,45,55,25
77,Paras,GRASS,285,35,70,55,45,55,25
78,Parasect,BUG,405,60,95,80,60,80,30
79,Parasect,GRASS,405,60,95,80,60,80,30
80,Venonat,BUG,305,60,55,50,40,55,45
81,Venonat,POISON,305,60,55,50,40,55,45
82,Venomoth,BUG,450,70,65,60,90,75,90
83,Venomoth,POISON,450,70,65,60,90,75,90
84,Diglett,GROUND,265,10,55,25,35,45,95
85,Dugtrio,GROUND,405,35,80,50,50,70,120
86,Meowth,NORMAL,290,40,45,35,40,40,90
87,Persian,NORMAL,440,65,70,60,65,65,115
88,Psyduck,WATER,320,50,52,48,65,50,55
89,Golduck,WATER,500,80,82,78,95,80,85
90,Mankey,FIGHTING,305,40,80,35,35,45,70
91,Primeape,FIGHTING,455,65,105,60,60,70,95
92,Growlithe,FIRE,350,55,70,45,70,50,60
93,Arcanine,FIRE,555,90,110,80,100,80,95
94,Poliwag,WATER,300,40,50,40,40,40,90
95,Poliwhirl,WATER,385,65,65,65,50,50,90
96,Poliwrath,WATER,500,90,85,95,70,90,70
97,Poliwrath,FIGHTING,500,90,85,95,70,90,70
98,Abra,PSYCHIC,310,25,20,15,105,55,90
99,Kadabra,PSYCHIC,400,40,35,30,120,70,105
100,Alakazam,PSYCHIC,490,55,50,45,135,85,120
101,Mega Alakazam,PSYCHIC,590,55,50,65,175,95,150
102,Machop,FIGHTING,305,70,80,50,35,35,35
103,Machoke,FIGHTING,405,80,100,70,50,60,45
104,Machamp,FIGHTING,505,90,130,80,65,85,55
105,Bellsprout,GRASS,300,50,75,35,70,30,40
106,Bellsprout,POISON,300,50,75,35,70,30,40
107,Weepinbell,GRASS,390,65,90,50,85,45,55
108,Weepinbell,POISON,390,65,90,50,85,45,55
109,Victreebel,GRASS,480,80,105,65,100,60,70
110,Victreebel,POISON,480,80,105,65,100,60,70
111,Tentacool,WATER,335,40,40,35,50,100,70
112,Tentacool,POISON,335,40,40,35,50,100,70
113,Tentacruel,WATER,515,80,70,65,80,120,100
114,Tentacruel,POISON,515,80,70,65,80,120,100
115,Geodude,ROCK,300,40,80,100,30,30,20
116,Geodude,GROUND,300,40,80,100,30,30,20
117,Graveler,ROCK,390,55,95,115,45,45,35
118,Graveler,GROUND,390,55,95,115,45,45,35
119,Golem,ROCK,485,80,110,130,55,65,45
120,Golem,GROUND,485,80,110,130,55,65,45
121,Ponyta,FIRE,410,50,85,55,65,65,90
122,Rapidash,FIRE,500,65,100,70,80,80,105
123,Slowpoke,WATER,315,90,65,65,40,40,15
124,Slowpoke,PSYCHIC,315,90,65,65,40,40,15
125,Slowbro,WATER,490,95,75,110,100,80,30
126,Slowbro,PSYCHIC,490,95,75,110,100,80,30
127,Magnemite,ELECTRIC,325,25,35,70,95,55,45
128,Magnemite,STEEL,325,25,35,70,95,55,45
129,Magneton,ELECTRIC,465,50,60,95,120,70,70
130,Magneton,STEEL,465,50,60,95,120,70,70
131,Farfetch'd,NORMAL,352,52,65,55,58,62,60
132,Farfetch'd,FLYING,352,52,65,55,58,62,60
133,Doduo,NORMAL,310,35,85,45,35,35,75
134,Doduo,FLYING,310,35,85,45,35,35,75
135,Dodrio,NORMAL,460,60,110,70,60,60,100
136,Dodrio,FLYING,460,60,110,70,60,60,100
137,Seel,WATER,325,65,45,55,45,70,45
138,Dewgong,WATER,475,90,70,80,70,95,70
139,Dewgong,ICE,475,90,70,80,70,95,70
140,Grimer,POISON,325,80,80,50,40,50,25
141,Muk,POISON,500,105,105,75,65,100,50
142,Shellder,WATER,305,30,65,100,45,25,40
143,Cloyster,WATER,525,50,95,180,85,45,70
144,Cloyster,ICE,525,50,95,180,85,45,70
145,Gastly,GHOST,310,30,35,30,100,35,80
146,Gastly,POISON,310,30,35,30,100,35,80
147,Haunter,GHOST,405,45,50,45,115,55,95
148,Haunter,POISON,405,45,50,45,115,55,95
149,Gengar,GHOST,500,60,65,60,130,75,110
150,Gengar,POISON,500,60,65,60,130,75,110
151,Mega Gengar,GHOST,600,60,65,80,170,95,130
152,Mega Gengar,POISON,600,60,65,80,170,95,130
153,Onix,ROCK,385,35,45,160,30,45,70
154,Onix,GROUND,385,35,45,160,30,45,70
155,Drowzee,PSYCHIC,328,60,48,45,43,90,42
156,Hypno,PSYCHIC,483,85,73,70,73,115,67
157,Krabby,WATER,325,30,105,90,25,25,50
158,Kingler,WATER,475,55,130,115,50,50,75
159,Voltorb,ELECTRIC,330,40,30,50,55,55,100
160,Electrode,ELECTRIC,480,60,50,70,80,80,140
161,Exeggcute,GRASS,325,60,40,80,60,45,40
162,Exeggcute,PSYCHIC,325,60,40,80,60,45,40
163,Exeggutor,GRASS,520,95,95,85,125,65,55
164,Exeggutor,PSYCHIC,520,95,95,85,125,65,55
165,Cubone,GROUND,320,50,50,95,40,50,35
166,Marowak,GROUND,425,60,80,110,50,80,45
167,Hitmonlee,FIGHTING,455,50,120,53,35,110,87
168,Hitmonchan,FIGHTING,455,50,105,79,35,110,76
169,Lickitung,NORMAL,385,90,55,75,60,75,30
170,Koffing,POISON,340,40,65,95,60,45,35
171,Weezing,POISON,490,65,90,120,85,70,60
172,Rhyhorn,GROUND,345,80,85,95,30,30,25
173,Rhyhorn,ROCK,345,80,85,95,30,30,25
174,Rhydon,GROUND,485,105,130,120,45,45,40
175,Rhydon,ROCK,485,105,130,120,45,45,40
176,Chansey,NORMAL,450,250,5,5,35,105,50
177,Tangela,GRASS,435,65,55,115,100,40,60
178,Kangaskhan,NORMAL,490,105,95,80,40,80,90
179,Mega Kangaskhan,NORMAL,590,105,125,100,60,100,100
180,Mega Kangaskhan,NORMAL,590,105,125,100,60,100,100
181,Horsea,WATER,295,30,40,70,70,25,60
182,Seadra,WATER,440,55,65,95,95,45,85
183,Goldeen,WATER,320,45,67,60,35,50,63
184,Seaking,WATER,450,80,92,65,65,80,68
185,Staryu,WATER,340,30,45,55,70,55,85
186,Starmie,WATER,520,60,75,85,100,85,115
187,Starmie,PSYCHIC,520,60,75,85,100,85,115
188,Mr. Mime,PSYCHIC,460,40,45,65,100,120,90
189,Mr. Mime,FAIRY,460,40,45,65,100,120,90
190,Scyther,BUG,500,70,110,80,55,80,105
191,Scyther,FLYING,500,70,110,80,55,80,105
192,Jynx,ICE,455,65,50,35,115,95,95
193,Jynx,PSYCHIC,455,65,50,35,115,95,95
194,Electabuzz,ELECTRIC,490,65,83,57,95,85,105
195,Magmar,FIRE,495,65,95,57,100,85,93
196,Pinsir,BUG,500,65,125,100,55,70,85
197,Mega Pinsir,BUG,600,65,155,120,65,90,105
198,Mega Pinsir,FLYING,600,65,155,120,65,90,105
199,Tauros,NORMAL,490,75,100,95,40,70,110
200,Magikarp,WATER,200,20,10,55,15,20,80
201,Gyarados,WATER,540,95,125,79,60,100,81
202,Gyarados,FLYING,540,95,125,79,60,100,81
203,Mega Gyarados,WATER,640,95,155,109,70,130,81
204,Mega Gyarados,DARK,640,95,155,109,70,130,81
205,Lapras,WATER,535,130,85,80,85,95,60
206,Lapras,ICE,535,130,85,80,85,95,60
207,Ditto,NORMAL,288,48,48,48,48,48,48
208,Eevee,NORMAL,325,55,55,50,45,65,55
209,Vaporeon,WATER,525,130,65,60,110,95,65
210,Jolteon,ELECTRIC,525,65,65,60,110,95,130
211,Flareon,FIRE,525,65,130,60,95,110,65
212,Porygon,NORMAL,395,65,60,70,85,75,40
213,Omanyte,ROCK,355,35,40,100,90,55,35
214,Omanyte,WATER,355,35,40,100,90,55,35
215,Omastar,ROCK,495,70,60,125,115,70,55
216,Omastar,WATER,495,70,60,125,115,70,55
217,Kabuto,ROCK,355,30,80,90,55,45,55
218,Kabuto,WATER,355,30,80,90,55,45,55
219,Kabutops,ROCK,495,60,115,105,65,70,80
220,Kabutops,WATER,495,60,115,105,65,70,80
221,Aerodactyl,ROCK,515,80,105,65,60,75,130
222,Aerodactyl,FLYING,515,80,105,65,60,75,130
223,Mega Aerodactyl,ROCK,615,80,135,85,70,95,150
224,Mega Aerodactyl,FLYING,615,80,135,85,70,95,150
225,Snorlax,NORMAL,540,160,110,65,65,110,30
226,Articuno,ICE,580,90,85,100,95,125,85
227,Articuno,FLYING,580,90,85,100,95,125,85
228,Zapdos,ELECTRIC,580,90,90,85,125,90,100
229,Zapdos,FLYING,580,90,90,85,125,90,100
230,Moltres,FIRE,580,90,100,90,125,85,90
231,Moltres,FLYING,580,90,100,90,125,85,90
232,Dratini,DRAGON,300,41,64,45,50,50,50
233,Dragonair,DRAGON,420,61,84,65,70,70,70
234,Dragonite,DRAGON,600,91,134,95,100,100,80
235,Dragonite,FLYING,600,91,134,95,100,100,80
236,Mewtwo,PSYCHIC,680,106,110,90,154,90,130
237,Mega Mewtwo X,PSYCHIC,780,106,190,100,154,100,130
238,Mega Mewtwo X,FIGHTING,780,106,190,100,154,100,130
239,Mega Mewtwo Y,PSYCHIC,780,106,150,70,194,120,140
240,Mega Mewtwo Y,PSYCHIC,780,106,150,70,194,120,140
241,Mew,PSYCHIC,600,100,100,100,100,100,100
242,Chikorita,GRASS,318,45,49,65,49,65,45
243,Bayleef,GRASS,405,60,62,80,63,80,60
244,Meganium,GRASS,525,80,82,100,83,100,80
245,Cyndaquil,FIRE,309,39,52,43,60,50,65
246,Quilava,FIRE,405,58,64,58,80,65,80
247,Typhlosion,FIRE,534,78,84,78,109,85,100
248,Totodile,WATER,314,50,65,64,44,48,43
249,Croconaw,WATER,405,65,80,80,59,63,58
250,Feraligatr,WATER,530,85,105,100,79,83,78
251,Sentret,NORMAL,215,35,46,34,35,45,20
252,Furret,NORMAL,415,85,76,64,45,55,90
253,Hoothoot,NORMAL,262,60,30,30,36,56,50
254,Hoothoot,FLYING,262,60,30,30,36,56,50
255,Noctowl,NORMAL,442,100,50,50,76,96,70
256,Noctowl,FLYING,442,100,50,50,76,96,70
257,Ledyba,BUG,265,40,20,30,40,80,55
258,Ledyba,FLYING,265,40,20,30,40,80,55
259,Ledian,BUG,390,55,35,50,55,110,85
260,Ledian,FLYING,390,55,35,50,55,110,85
261,Spinarak,BUG,250,40,60,40,40,40,30
262,Spinarak,POISON,250,40,60,40,40,40,30
263,Ariados,BUG,390,70,90,70,60,60,40
264,Ariados,POISON,390,70,90,70,60,60,40
265,Crobat,POISON,535,85,90,80,70,80,130
266,Crobat,FLYING,535,85,90,80,70,80,130
267,Chinchou,WATER,330,75,38,38,56,56,67
268,Chinchou,ELECTRIC,330,75,38,38,56,56,67
269,Lanturn,WATER,460,125,58,58,76,76,67
270,Lanturn,ELECTRIC,460,125,58,58,76,76,67
271,Pichu,ELECTRIC,205,20,40,15,35,35,60
272,Cleffa,FAIRY,218,50,25,28,45,55,15
273,Igglybuff,NORMAL,210,90,30,15,40,20,15
274,Igglybuff,FAIRY,210,90,30,15,40,20,15
275,Togepi,FAIRY,245,35,20,65,40,65,20
276,Togetic,FAIRY,405,55,40,85,80,105,40
277,Togetic,FLYING,405,55,40,85,80,105,40
278,Natu,PSYCHIC,320,40,50,45,70,45,70
279,Natu,FLYING,320,40,50,45,70,45,70
280,Xatu,PSYCHIC,470,65,75,70,95,70,95
281,Xatu,FLYING,470,65,75,70,95,70,95
282,Mareep,ELECTRIC,280,55,40,40,65,45,35
283,Flaaffy,ELECTRIC,365,70,55,55,80,60,45
284,Ampharos,ELECTRIC,500,90,75,75,115,90,55
285,Mega Ampharos,ELECTRIC,610,90,95,105,165,110,45
286,Mega Ampharos,DRAGON,610,90,95,105,165,110,45
287,Bellossom,GRASS,480,75,80,85,90,100,50
288,Marill,WATER,250,70,20,50,20,50,40
289,Marill,FAIRY,250,70,20,50,20,50,40
290,Azumarill,WATER,410,100,50,80,50,80,50
291,Azumarill,FAIRY,410,100,50,80,50,80,50
292,Sudowoodo,ROCK,410,70,100,115,30,65,30
293,Politoed,WATER,500,90,75,75,90,100,70
294,Hoppip,GRASS,250,35,35,40,35,55,50
295,Hoppip,FLYING,250,35,35,40,35,55,50
296,Skiploom,GRASS,340,55,45,50,45,65,80
297,Skiploom,FLYING,340,55,45,50,45,65,80
298,Jumpluff,GRASS,450,75,55,70,55,85,110
299,Jumpluff,FLYING,450,75,55,70,55,85,110
300,Aipom,NORMAL,360,55,70,55,40,55,85
301,Sunkern,GRASS,180,30,30,30,30,30,30
302,Sunflora,GRASS,425,75,75,55,105,85,30
303,Yanma,BUG,390,65,65,45,75,45,95
304,Yanma,FLYING,390,65,65,45,75,45,95
305,Wooper,WATER,210,55,45,45,25,25,15
306,Wooper,GROUND,210,55,45,45,25,25,15
307,Quagsire,WATER,430,95,85,85,65,65,35
308,Quagsire,GROUND,430,95,85,85,65,65,35
309,Espeon,PSYCHIC,525,65,65,60,130,95,110
310,Umbreon,DARK,525,95,65,110,60,130,65
311,Murkrow,DARK,405,60,85,42,85,42,91
312,Murkrow,FLYING,405,60,85,42,85,42,91
313,Slowking,WATER,490,95,75,80,100,110,30
314,Slowking,PSYCHIC,490,95,75,80,100,110,30
315,Misdreavus,GHOST,435,60,60,60,85,85,85
316,Unown,PSYCHIC,336,48,72,48,72,48,48
317,Wobbuffet,PSYCHIC,405,190,33,58,33,58,33
318,Girafarig,NORMAL,455,70,80,65,90,65,85
319,Girafarig,PSYCHIC,455,70,80,65,90,65,85
320,Pineco,BUG,290,50,65,90,35,35,15
321,Forretress,BUG,465,75,90,140,60,60,40
322,Forretress,STEEL,465,75,90,140,60,60,40
323,Dunsparce,NORMAL,415,100,70,70,65,65,45
324,Gligar,GROUND,430,65,75,105,35,65,85
325,Gligar,FLYING,430,65,75,105,35,65,85
326,Steelix,STEEL,510,75,85,200,55,65,30
327,Steelix,GROUND,510,75,85,200,55,65,30
328,Snubbull,FAIRY,300,60,80,50,40,40,30
329,Granbull,FAIRY,450,90,120,75,60,60,45
330,Qwilfish,WATER,430,65,95,75,55,55,85
331,Qwilfish,POISON,430,65,95,75,55,55,85
332,Scizor,BUG,500,70,130,100,55,80,65
333,Scizor,STEEL,500,70,130,100,55,80,65
334,Mega Scizor,BUG,600,70,150,140,65,100,75
335,Mega Scizor,STEEL,600,70,150,140,65,100,75
336,Shuckle,BUG,505,20,10,230,10,230,5
337,Shuckle,ROCK,505,20,10,230,10,230,5
338,Heracross,BUG,500,80,125,75,40,95,85
339,Heracross,FIGHTING,500,80,125,75,40,95,85
340,Mega Heracross,BUG,600,80,185,115,40,105,75
341,Mega Heracross,FIGHTING,600,80,185,115,40,105,75
342,Sneasel,DARK,430,55,95,55,35,75,115
343,Sneasel,ICE,430,55,95,55,35,75,115
344,Teddiursa,NORMAL,330,60,80,50,50,50,40
345,Ursaring,NORMAL,500,90,130,75,75,75,55
346,Slugma,FIRE,250,40,40,40,70,40,20
347,Magcargo,FIRE,410,50,50,120,80,80,30
348,Magcargo,ROCK,410,50,50,120,80,80,30
349,Swinub,ICE,250,50,50,40,30,30,50
350,Swinub,GROUND,250,50,50,40,30,30,50
351,Piloswine,ICE,450,100,100,80,60,60,50
352,Piloswine,GROUND,450,100,100,80,60,60,50
353,Corsola,WATER,380,55,55,85,65,85,35
354,Corsola,ROCK,380,55,55,85,65,85,35
355,Remoraid,WATER,300,35,65,35,65,35,65
356,Octillery,WATER,480,75,105,75,105,75,45
357,Delibird,ICE,330,45,55,45,65,45,75
358,Delibird,FLYING,330,45,55,45,65,45,75
359,Mantine,WATER,465,65,40,70,80,140,70
360,Mantine,FLYING,465,65,40,70,80,140,70
361,Skarmory,STEEL,465,65,80,140,40,70,70
362,Skarmory,FLYING,465,65,80,140,40,70,70
363,Houndour,DARK,330,45,60,30,80,50,65
364,Houndour,FIRE,330,45,60,30,80,50,65
365,Houndoom,DARK,500,75,90,50,110,80,95
366,Houndoom,FIRE,500,75,90,50,110,80,95
367,Mega Houndoom,DARK,600,75,90,90,140,90,115
368,Mega Houndoom,FIRE,600,75,90,90,140,90,115
369,Kingdra,WATER,540,75,95,95,95,95,85
370,Kingdra,DRAGON,540,75,95,95,95,95,85
371,Phanpy,GROUND,330,90,60,60,40,40,40
372,Donphan,GROUND,500,90,120,120,60,60,50
373,Porygon2,NORMAL,515,85,80,90,105,95,60
374,Stantler,NORMAL,465,73,95,62,85,65,85
375,Smeargle,NORMAL,250,55,20,35,20,45,75
376,Tyrogue,FIGHTING,210,35,35,35,35,35,35
377,Hitmontop,FIGHTING,455,50,95,95,35,110,70
378,Smoochum,ICE,305,45,30,15,85,65,65
379,Smoochum,PSYCHIC,305,45,30,15,85,65,65
380,Elekid,ELECTRIC,360,45,63,37,65,55,95
381,Magby,FIRE,365,45,75,37,70,55,83
382,Miltank,NORMAL,490,95,80,105,40,70,100
383,Blissey,NORMAL,540,255,10,10,75,135,55
384,Raikou,ELECTRIC,580,90,85,75,115,100,115
385,Entei,FIRE,580,115,115,85,90,75,100
386,Suicune,WATER,580,100,75,115,90,115,85
387,Larvitar,ROCK,300,50,64,50,45,50,41
388,Larvitar,GROUND,300,50,64,50,45,50,41
389,Pupitar,ROCK,410,70,84,70,65,70,51
390,Pupitar,GROUND,410,70,84,70,65,70,51
391,Tyranitar,ROCK,600,100,134,110,95,100,61
392,Tyranitar,DARK,600,100,134,110,95,100,61
393,Mega Tyranitar,ROCK,700,100,164,150,95,120,71
394,Mega Tyranitar,DARK,700,100,164,150,95,120,71
395,Lugia,PSYCHIC,680,106,90,130,90,154,110
396,Lugia,FLYING,680,106,90,130,90,154,110
397,Ho-oh,FIRE,680,106,130,90,110,154,90
398,Ho-oh,FLYING,680,106,130,90,110,154,90
399,Celebi,PSYCHIC,600,100,100,100,100,100,100
400,Celebi,GRASS,600,100,100,100,100,100,100
401,Treecko,GRASS,310,40,45,35,65,55,70
402,Grovyle,GRASS,405,50,65,45,85,65,95
403,Sceptile,GRASS,530,70,85,65,105,85,120
404,Torchic,FIRE,310,45,60,40,70,50,45
405,Combusken,FIRE,405,60,85,60,85,60,55
406,Combusken,FIGHTING,405,60,85,60,85,60,55
407,Blaziken,FIRE,530,80,120,70,110,70,80
408,Blaziken,FIGHTING,530,80,120,70,110,70,80
409,Mega Blaziken,FIRE,630,80,160,80,130,80,100
410,Mega Blaziken,FIGHTING,630,80,160,80,130,80,100
411,Mudkip,WATER,310,50,70,50,50,50,40
412,Marshtomp,WATER,405,70,85,70,60,70,50
413,Marshtomp,GROUND,405,70,85,70,60,70,50
414,Swampert,WATER,535,100,110,90,85,90,60
415,Swampert,GROUND,535,100,110,90,85,90,60
416,Poochyena,DARK,220,35,55,35,30,30,35
417,Mightyena,DARK,420,70,90,70,60,60,70
418,Zigzagoon,NORMAL,240,38,30,41,30,41,60
419,Linoone,NORMAL,420,78,70,61,50,61,100
420,Wurmple,BUG,195,45,45,35,20,30,20
421,Silcoon,BUG,205,50,35,55,25,25,15
422,Beautifly,BUG,385,60,70,50,90,50,65
423,Beautifly,FLYING,385,60,70,50,90,50,65
424,Cascoon,BUG,205,50,35,55,25,25,15
425,Dustox,BUG,385,60,50,70,50,90,65
426,Dustox,POISON,385,60,50,70,50,90,65
427,Lotad,WATER,220,40,30,30,40,50,30
428,Lotad,GRASS,220,40,30,30,40,50,30
429,Lombre,WATER,340,60,50,50,60,70,50
430,Lombre,GRASS,340,60,50,50,60,70,50
431,Ludicolo,WATER,480,80,70,70,90,100,70
432,Ludicolo,GRASS,480,80,70,70,90,100,70
433,Seedot,GRASS,220,40,40,50,30,30,30
434,Nuzleaf,GRASS,340,70,70,40,60,40,60
435,Nuzleaf,DARK,340,70,70,40,60,40,60
436,Shiftry,GRASS,480,90,100,60,90,60,80
437,Shiftry,DARK,480,90,100,60,90,60,80
438,Taillow,NORMAL,270,40,55,30,30,30,85
439,Taillow,FLYING,270,40,55,30,30,30,85
440,Swellow,NORMAL,430,60,85,60,50,50,125
441,Swellow,FLYING,430,60,85,60,50,50,125
442,Wingull,WATER,270,40,30,30,55,30,85
443,Wingull,FLYING,270,40,30,30,55,30,85
444,Pelipper,WATER,430,60,50,100,85,70,65
445,Pelipper,FLYING,430,60,50,100,85,70,65
446,Ralts,PSYCHIC,198,28,25,25,45,35,40
447,Ralts,FAIRY,198,28,25,25,45,35,40
448,Kirlia,PSYCHIC,278,38,35,35,65,55,50
449,Kirlia,FAIRY,278,38,35,35,65,55,50
450,Gardevoir,PSYCHIC,518,68,65,65,125,115,80
451,Gardevoir,FAIRY,518,68,65,65,125,115,80
452,Mega Gardevoir,PSYCHIC,618,68,85,65,165,135,100
453,Mega Gardevoir,FAIRY,618,68,85,65,165,135,100
454,Surskit,BUG,269,40,30,32,50,52,65
455,Surskit,WATER,269,40,30,32,50,52,65
456,Masquerain,BUG,414,70,60,62,80,82,60
457,Masquerain,FLYING,414,70,60,62,80,82,60
458,Shroomish,GRASS,295,60,40,60,40,60,35
459,Breloom,GRASS,460,60,130,80,60,60,70
460,Breloom,FIGHTING,460,60,130,80,60,60,70
461,Slakoth,NORMAL,280,60,60,60,35,35,30
462,Vigoroth,NORMAL,440,80,80,80,55,55,90
463,Slaking,NORMAL,670,150,160,100,95,65,100
464,Nincada,BUG,266,31,45,90,30,30,40
465,Nincada,GROUND,266,31,45,90,30,30,40
466,Ninjask,BUG,456,61,90,45,50,50,160
467,Ninjask,FLYING,456,61,90,45,50,50,160
468,Shedinja,BUG,236,1,90,45,30,30,40
469,Shedinja,GHOST,236,1,90,45,30,30,40
470,Whismur,NORMAL,240,64,51,23,51,23,28
471,Loudred,NORMAL,360,84,71,43,71,43,48
472,Exploud,NORMAL,480,104,91,63,91,63,68
473,Makuhita,FIGHTING,237,72,60,30,20,30,25
474,Hariyama,FIGHTING,474,144,120,60,40,60,50
475,Azurill,NORMAL,190,50,20,40,20,40,20
476,Azurill,FAIRY,190,50,20,40,20,40,20
477,Nosepass,ROCK,375,30,45,135,45,90,30
478,Skitty,NORMAL,260,50,45,45,35,35,50
479,Delcatty,NORMAL,380,70,65,65,55,55,70
480,Sableye,DARK,380,50,75,75,65,65,50
481,Sableye,GHOST,380,50,75,75,65,65,50
482,Mawile,STEEL,380,50,85,85,55,55,50
483,Mawile,FAIRY,380,50,85,85,55,55,50
484,Mega Mawile,STEEL,520,50,105,125,55,95,90
485,Mega Mawile,FAIRY,520,50,105,125,55,95,90
486,Aron,STEEL,330,50,70,100,40,40,30
487,Aron,ROCK,330,50,70,100,40,40,30
488,Lairon,STEEL,430,60,90,140,50,50,40
489,Lairon,ROCK,430,60,90,140,50,50,40
490,Aggron,STEEL,530,70,110,180,60,60,50
491,Aggron,ROCK,530,70,110,180,60,60,50
492,Mega Aggron,STEEL,630,70,140,230,60,80,50
493,Mega Aggron,STEEL,630,70,140,230,60,80,50
494,Meditite,FIGHTING,280,30,40,55,40,55,60
495,Meditite,PSYCHIC,280,30,40,55,40,55,60
496,Medicham,FIGHTING,410,60,60,75,60,75,80
497,Medicham,PSYCHIC,410,60,60,75,60,75,80
498,Mega Medicham,FIGHTING,510,60,100,85,80,85,100
499,Mega Medicham,PSYCHIC,510,60,100,85,80,85,100
500,Electrike,ELECTRIC,295,40,45,40,65,40,65
501,Manectric,ELECTRIC,475,70,75,60,105,60,105
502,Mega Manectric,ELECTRIC,575,70,75,80,135,80,135
503,Mega Manectric,ELECTRIC,575,70,75,80,135,80,135
504,Plusle,ELECTRIC,405,60,50,40,85,75,95
505,Minun,ELECTRIC,405,60,40,50,75,85,95
506,Volbeat,BUG,400,65,73,55,47,75,85
507,Illumise,BUG,400,65,47,55,73,75,85
508,Roselia,GRASS,400,50,60,45,100,80,65
509,Roselia,POISON,400,50,60,45,100,80,65
510,Gulpin,POISON,302,70,43,53,43,53,40
511,Swalot,POISON,467,100,73,83,73,83,55
512,Carvanha,WATER,305,45,90,20,65,20,65
513,Carvanha,DARK,305,45,90,20,65,20,65
514,Sharpedo,WATER,460,70,120,40,95,40,95
515,Sharpedo,DARK,460,70,120,40,95,40,95
516,Wailmer,WATER,400,130,70,35,70,35,60
517,Wailord,WATER,500,170,90,45,90,45,60
518,Numel,FIRE,305,60,60,40,65,45,35
519,Numel,GROUND,305,60,60,40,65,45,35
520,Camerupt,FIRE,460,70,100,70,105,75,40
521,Camerupt,GROUND,460,70,100,70,105,75,40
522,Torkoal,FIRE,470,70,85,140,85,70,20
523,Spoink,PSYCHIC,330,60,25,35,70,80,60
524,Grumpig,PSYCHIC,470,80,45,65,90,110,80
525,Spinda,NORMAL,360,60,60,60,60,60,60
526,Trapinch,GROUND,290,45,100,45,45,45,10
527,Vibrava,GROUND,340,50,70,50,50,50,70
528,Vibrava,DRAGON,340,50,70,50,50,50,70
529,Flygon,GROUND,520,80,100,80,80,80,100
530,Flygon,DRAGON,520,80,100,80,80,80,100
531,Cacnea,GRASS,335,50,85,40,85,40,35
532,Cacturne,GRASS,475,70,115,60,115,60,55
533,Cacturne,DARK,475,70,115,60,115,60,55
534,Swablu,NORMAL,310,45,40,60,40,75,50
535,Swablu,FLYING,310,45,40,60,40,75,50
536,Altaria,DRAGON,490,75,70,90,70,105,80
537,Altaria,FLYING,490,75,70,90,70,105,80
538,Zangoose,NORMAL,458,73,115,60,60,60,90
539,Seviper,POISON,458,73,100,60,100,60,65
540,Lunatone,ROCK,440,70,55,65,95,85,70
541,Lunatone,PSYCHIC,440,70,55,65,95,85,70
542,Solrock,ROCK,440,70,95,85,55,65,70
543,Solrock,PSYCHIC,440,70,95,85,55,65,70
544,Barboach,WATER,288,50,48,43,46,41,60
545,Barboach,GROUND,288,50,48,43,46,41,60
546,Whiscash,WATER,468,110,78,73,76,71,60
547,Whiscash,GROUND,468,110,78,73,76,71,60
548,Corphish,WATER,308,43,80,65,50,35,35
549,Crawdaunt,WATER,468,63,120,85,90,55,55
550,Crawdaunt,DARK,468,63,120,85,90,55,55
551,Baltoy,GROUND,300,40,40,55,40,70,55
552,Baltoy,PSYCHIC,300,40,40,55,40,70,55
553,Claydol,GROUND,500,60,70,105,70,120,75
554,Claydol,PSYCHIC,500,60,70,105,70,120,75
555,Lileep,ROCK,355,66,41,77,61,87,23
556,Lileep,GRASS,355,66,41,77,61,87,23
557,Cradily,ROCK,495,86,81,97,81,107,43
558,Cradily,GRASS,495,86,81,97,81,107,43
559,Anorith,ROCK,355,45,95,50,40,50,75
560,Anorith,BUG,355,45,95,50,40,50,75
561,Armaldo,ROCK,495,75,125,100,70,80,45
562,Armaldo,BUG,495,75,125,100,70,80,45
563,Feebas,WATER,200,20,15,20,10,55,80
564,Milotic,WATER,540,95,60,79,100,125,81
565,Castform,NORMAL,420,70,70,70,70,70,70
566,Kecleon,NORMAL,440,60,90,70,60,120,40
567,Shuppet,GHOST,295,44,75,35,63,33,45
568,Banette,GHOST,455,64,115,65,83,63,65
569,Mega Banette,GHOST,555,64,165,75,93,83,75
570,Mega Banette,GHOST,555,64,165,75,93,83,75
571,Duskull,GHOST,295,20,40,90,30,90,25
572,Dusclops,GHOST,455,40,70,130,60,130,25
573,Tropius,GRASS,460,99,68,83,72,87,51
574,Tropius,FLYING,460,99,68,83,72,87,51
575,Chimecho,PSYCHIC,425,65,50,70,95,80,65
576,Absol,DARK,465,65,130,60,75,60,75
577,Mega Absol,DARK,565,65,150,60,115,60,115
578,Mega Absol,DARK,565,65,150,60,115,60,115
579,Wynaut,PSYCHIC,260,95,23,48,23,48,23
580,Snorunt,ICE,300,50,50,50,50,50,50
581,Glalie,ICE,480,80,80,80,80,80,80
582,Spheal,ICE,290,70,40,50,55,50,25
583,Spheal,WATER,290,70,40,50,55,50,25
584,Sealeo,ICE,410,90,60,70,75,70,45
585,Sealeo,WATER,410,90,60,70,75,70,45
586,Walrein,ICE,530,110,80,90,95,90,65
587,Walrein,WATER,530,110,80,90,95,90,65
588,Clamperl,WATER,345,35,64,85,74,55,32
589,Huntail,WATER,485,55,104,105,94,75,52
590,Gorebyss,WATER,485,55,84,105,114,75,52
591,Relicanth,WATER,485,100,90,130,45,65,55
592,Relicanth,ROCK,485,100,90,130,45,65,55
593,Luvdisc,WATER,330,43,30,55,40,65,97
594,Bagon,DRAGON,300,45,75,60,40,30,50
595,Shelgon,DRAGON,420,65,95,100,60,50,50
596,Salamence,DRAGON,600,95,135,80,110,80,100
597,Salamence,FLYING,600,95,135,80,110,80,100
598,Beldum,STEEL,300,40,55,80,35,60,30
599,Beldum,PSYCHIC,300,40,55,80,35,60,30
600,Metang,STEEL,420,60,75,100,55,80,50
601,Metang,PSYCHIC,420,60,75,100,55,80,50
602,Metagross,STEEL,600,80,135,130,95,90,70
603,Metagross,PSYCHIC,600,80,135,130,95,90,70
604,Regirock,ROCK,580,80,100,200,50,100,50
605,Regice,ICE,580,80,50,100,100,200,50
606,Registeel,STEEL,580,80,75,150,75,150,50
607,Latias,DRAGON,600,80,80,90,110,130,110
608,Latias,PSYCHIC,600,80,80,90,110,130,110
609,Latios,DRAGON,600,80,90,80,130,110,110
610,Latios,PSYCHIC,600,80,90,80,130,110,110
611,Kyogre,WATER,670,100,100,90,150,140,90
612,Groudon,GROUND,670,100,150,140,100,90,90
613,Rayquaza,DRAGON,680,105,150,90,150,90,95
614,Rayquaza,FLYING,680,105,150,90,150,90,95
615,Jirachi,STEEL,600,100,100,100,100,100,100
616,Jirachi,PSYCHIC,600,100,100,100,100,100,100
617,Deoxys- Normal Forme,PSYCHIC,600,50,150,50,150,50,150
618,Deoxys- Attack Forme,PSYCHIC,600,50,180,20,180,20,150
619,Deoxys- Defense Forme,PSYCHIC,600,50,70,160,70,160,90
620,Deoxys- Speed Forme,PSYCHIC,600,50,95,90,95,90,180
621,Turtwig,GRASS,318,55,68,64,45,55,31
622,Grotle,GRASS,405,75,89,85,55,65,36
623,Torterra,GRASS,525,95,109,105,75,85,56
624,Torterra,GROUND,525,95,109,105,75,85,56
625,Chimchar,FIRE,309,44,58,44,58,44,61
626,Monferno,FIRE,405,64,78,52,78,52,81
627,Monferno,FIGHTING,405,64,78,52,78,52,81
628,Infernape,FIRE,534,76,104,71,104,71,108
629,Infernape,FIGHTING,534,76,104,71,104,71,108
630,Piplup,WATER,314,53,51,53,61,56,40
631,Prinplup,WATER,405,64,66,68,81,76,50
632,Empoleon,WATER,530,84,86,88,111,101,60
633,Empoleon,STEEL,530,84,86,88,111,101,60
634,Starly,NORMAL,245,40,55,30,30,30,60
635,Starly,FLYING,245,40,55,30,30,30,60
636,Staravia,NORMAL,340,55,75,50,40,40,80
637,Staravia,FLYING,340,55,75,50,40,40,80
638,Staraptor,NORMAL,475,85,120,70,50,50,100
639,Staraptor,FLYING,475,85,120,70,50,50,100
640,Bidoof,NORMAL,250,59,45,40,35,40,31
641,Bibarel,NORMAL,410,79,85,60,55,60,71
642,Bibarel,WATER,410,79,85,60,55,60,71
643,Kricketot,BUG,194,37,25,41,25,41,25
644,Kricketune,BUG,384,77,85,51,55,51,65
645,Shinx,ELECTRIC,263,45,65,34,40,34,45
646,Luxio,ELECTRIC,363,60,85,49,60,49,60
647,Luxray,ELECTRIC,523,80,120,79,95,79,70
648,Budew,GRASS,280,40,30,35,50,70,55
649,Budew,POISON,280,40,30,35,50,70,55
650,Roserade,GRASS,505,60,70,55,125,105,90
651,Roserade,POISON,505,60,70,55,125,105,90
652,Cranidos,ROCK,350,67,125,40,30,30,58
653,Rampardos,ROCK,495,97,165,60,65,50,58
654,Shieldon,ROCK,350,30,42,118,42,88,30
655,Shieldon,STEEL,350,30,42,118,42,88,30
656,Bastiodon,ROCK,495,60,52,168,47,138,30
657,Bastiodon,STEEL,495,60,52,168,47,138,30
658,Burmy,BUG,224,40,29,45,29,45,36
659,Wormadam- Plant Cloak,BUG,424,60,59,85,79,105,36
660,Wormadam- Sandy Cloak,BUG,424,60,79,105,59,85,36
661,Wormadam- Trash Cloak,BUG,424,60,69,95,69,95,36
662,Mothim,BUG,424,70,94,50,94,50,66
663,Mothim,FLYING,424,70,94,50,94,50,66
664,Combee,BUG,244,30,30,42,30,42,70
665,Combee,FLYING,244,30,30,42,30,42,70
666,Vespiquen,BUG,474,70,80,102,80,102,40
667,Vespiquen,FLYING,474,70,80,102,80,102,40
668,Pachirisu,ELECTRIC,405,60,45,70,45,90,95
669,Buizel,WATER,330,55,65,35,60,30,85
670,Floatzel,WATER,495,85,105,55,85,50,115
671,Cherubi,GRASS,275,45,35,45,62,53,35
672,Cherrim,GRASS,450,70,60,70,87,78,85
673,Shellos,WATER,325,76,48,48,57,62,34
674,Gastrodon,WATER,475,111,83,68,92,82,39
675,Gastrodon,GROUND,475,111,83,68,92,82,39
676,Ambipom,NORMAL,482,75,100,66,60,66,115
677,Drifloon,GHOST,348,90,50,34,60,44,70
678,Drifloon,FLYING,348,90,50,34,60,44,70
679,Drifblim,GHOST,498,150,80,44,90,54,80
680,Drifblim,FLYING,498,150,80,44,90,54,80
681,Buneary,NORMAL,350,55,66,44,44,56,85
682,Lopunny,NORMAL,480,65,76,84,54,96,105
683,Mismagius,GHOST,495,60,60,60,105,105,105
684,Honchkrow,DARK,505,100,125,52,105,52,71
685,Honchkrow,FLYING,505,100,125,52,105,52,71
686,Glameow,NORMAL,310,49,55,42,42,37,85
687,Purugly,NORMAL,452,71,82,64,64,59,112
688,Chingling,PSYCHIC,285,45,30,50,65,50,45
689,Stunky,POISON,329,63,63,47,41,41,74
690,Stunky,DARK,329,63,63,47,41,41,74
691,Skuntank,POISON,479,103,93,67,71,61,84
692,Skuntank,DARK,479,103,93,67,71,61,84
693,Bronzor,STEEL,300,57,24,86,24,86,23
694,Bronzor,PSYCHIC,300,57,24,86,24,86,23
695,Bronzong,STEEL,500,67,89,116,79,116,33
696,Bronzong,PSYCHIC,500,67,89,116,79,116,33
697,Bonsly,ROCK,290,50,80,95,10,45,10
698,Mime Jr.,PSYCHIC,310,20,25,45,70,90,60
699,Mime Jr.,FAIRY,310,20,25,45,70,90,60
700,Happiny,NORMAL,220,100,5,5,15,65,30
701,Chatot,NORMAL,411,76,65,45,92,42,91
702,Chatot,FLYING,411,76,65,45,92,42,91
703,Spiritomb,GHOST,485,50,92,108,92,108,35
704,Spiritomb,DARK,485,50,92,108,92,108,35
705,Gible,DRAGON,300,58,70,45,40,45,42
706,Gible,GROUND,300,58,70,45,40,45,42
707,Gabite,DRAGON,410,68,90,65,50,55,82
708,Gabite,GROUND,410,68,90,65,50,55,82
709,Garchomp,DRAGON,600,108,130,95,80,85,102
710,Garchomp,GROUND,600,108,130,95,80,85,102
711,Mega Garchomp,DRAGON,700,108,170,115,120,95,92
712,Mega Garchomp,GROUND,700,108,170,115,120,95,92
713,Munchlax,NORMAL,390,135,85,40,40,85,5
714,Riolu,FIGHTING,285,40,70,40,35,40,60
715,Lucario,FIGHTING,525,70,110,70,115,70,90
716,Lucario,STEEL,525,70,110,70,115,70,90
717,Mega Lucario,FIGHTING,625,70,145,88,140,70,112
718,Mega Lucario,STEEL,625,70,145,88,140,70,112
719,Hippopotas,GROUND,330,68,72,78,38,42,32
720,Hippowdon,GROUND,525,108,112,118,68,72,47
721,Skorupi,POISON,330,40,50,90,30,55,65
722,Skorupi,BUG,330,40,50,90,30,55,65
723,Drapion,POISON,500,70,90,110,60,75,95
724,Drapion,DARK,500,70,90,110,60,75,95
725,Croagunk,POISON,300,48,61,40,61,40,50
726,Croagunk,FIGHTING,300,48,61,40,61,40,50
727,Toxicroak,POISON,490,83,106,65,86,65,85
728,Toxicroak,FIGHTING,490,83,106,65,86,65,85
729,Carnivine,GRASS,454,74,100,72,90,72,46
730,Finneon,WATER,330,49,49,56,49,61,66
731,Lumineon,WATER,460,69,69,76,69,86,91
732,Mantyke,WATER,345,45,20,50,60,120,50
733,Mantyke,FLYING,345,45,20,50,60,120,50
734,Snover,GRASS,334,60,62,50,62,60,40
735,Snover,ICE,334,60,62,50,62,60,40
736,Abomasnow,GRASS,494,90,92,75,92,85,60
737,Abomasnow,ICE,494,90,92,75,92,85,60
738,Mega Abomasnow,GRASS,594,90,132,105,132,105,30
739,Mega Abomasnow,ICE,594,90,132,105,132,105,30
740,Weavile,DARK,510,70,120,65,45,85,125
741,Weavile,ICE,510,70,120,65,45,85,125
742,Magnezone,ELECTRIC,535,70,70,115,130,90,60
743,Magnezone,STEEL,535,70,70,115,130,90,60
744,Lickilicky,NORMAL,515,110,85,95,80,95,50
745,Rhyperior,GROUND,535,115,140,130,55,55,40
746,Rhyperior,ROCK,535,115,140,130,55,55,40
747,Tangrowth,GRASS,535,100,100,125,110,50,50
748,Electivire,ELECTRIC,540,75,123,67,95,85,95
749,Magmortar,FIRE,540,75,95,67,125,95,83
750,Togekiss,FAIRY,545,85,50,95,120,115,80
751,Togekiss,FLYING,545,85,50,95,120,115,80
752,Yanmega,BUG,515,86,76,86,116,56,95
753,Yanmega,FLYING,515,86,76,86,116,56,95
754,Leafeon,GRASS,525,65,110,130,60,65,95
755,Glaceon,ICE,525,65,60,110,130,95,65
756,Gliscor,GROUND,510,75,95,125,45,75,95
757,Gliscor,FLYING,510,75,95,125,45,75,95
758,Mamoswine,ICE,530,110,130,80,70,60,80
759,Mamoswine,GROUND,530,110,130,80,70,60,80
760,Porygon-Z,NORMAL,535,85,80,70,135,75,90
761,Gallade,PSYCHIC,518,68,125,65,65,115,80
762,Gallade,FIGHTING,518,68,125,65,65,115,80
763,Probopass,ROCK,525,60,55,145,75,150,40
764,Probopass,STEEL,525,60,55,145,75,150,40
765,Dusknoir,GHOST,525,45,100,135,65,135,45
766,Froslass,ICE,480,70,80,70,80,70,110
767,Froslass,GHOST,480,70,80,70,80,70,110
768,Rotom,ELECTRIC,440,50,50,77,95,77,91
769,Rotom,GHOST,440,50,50,77,95,77,91
770,Heat Rotom,ELECTRIC,520,50,65,107,105,107,86
771,Heat Rotom,FIRE,520,50,65,107,105,107,86
772,Wash Rotom,ELECTRIC,520,50,65,107,105,107,86
773,Wash Rotom,WATER,520,50,65,107,105,107,86
774,Frost Rotom,ELECTRIC,520,50,65,107,105,107,86
775,Frost Rotom,ICE,520,50,65,107,105,107,86
776,Fan Rotom,ELECTRIC,520,50,65,107,105,107,86
777,Fan Rotom,FLYING,520,50,65,107,105,107,86
778,Mow Rotom,ELECTRIC,520,50,65,107,105,107,86
779,Mow Rotom,GRASS,520,50,65,107,105,107,86
780,Uxie,PSYCHIC,580,75,75,130,75,130,95
781,Mesprit,PSYCHIC,580,80,105,105,105,105,80
782,Azelf,PSYCHIC,580,75,125,70,125,70,115
783,Dialga,STEEL,680,100,120,120,150,100,90
784,Dialga,DRAGON,680,100,120,120,150,100,90
785,Palkia,WATER,680,90,120,100,150,120,100
786,Palkia,DRAGON,680,90,120,100,150,120,100
787,Heatran,FIRE,600,91,90,106,130,106,77
788,Heatran,STEEL,600,91,90,106,130,106,77
789,Regigigas,NORMAL,670,110,160,110,80,110,100
790,Giratina- Altered Forme,GHOST,680,150,100,120,100,120,90
791,Giratina- Altered Forme,DRAGON,680,150,100,120,100,120,90
792,Giratina- Origin Forme,GHOST,680,150,120,100,120,100,90
793,Giratina- Origin Forme,DRAGON,680,150,120,100,120,100,90
794,Cresselia,PSYCHIC,600,120,70,120,75,130,85
795,Phione,WATER,480,80,80,80,80,80,80
796,Manaphy,WATER,600,100,100,100,100,100,100
797,Darkrai,DARK,600,70,90,90,135,90,125
798,Shaymin- Land Forme,GRASS,600,100,100,100,100,100,100
799,Shaymin- Sky Forme,GRASS,600,100,103,75,120,75,127
800,Shaymin- Sky Forme,FLYING,600,100,103,75,120,75,127
801,Arceus,NORMAL,720,120,120,120,120,120,120
802,Victini,PSYCHIC,600,100,100,100,100,100,100
803,Victini,FIRE,600,100,100,100,100,100,100
804,Snivy,GRASS,308,45,45,55,45,55,63
805,Servine,GRASS,413,60,60,75,60,75,83
806,Serperior,GRASS,528,75,75,95,75,95,113
807,Tepig,FIRE,308,65,63,45,45,45,45
808,Pignite,FIRE,418,90,93,55,70,55,55
809,Pignite,FIGHTING,418,90,93,55,70,55,55
810,Emboar,FIRE,528,110,123,65,100,65,65
811,Emboar,FIGHTING,528,110,123,65,100,65,65
812,Oshawott,WATER,308,55,55,45,63,45,45
813,Dewott,WATER,413,75,75,60,83,60,60
814,Samurott,WATER,528,95,100,85,108,70,70
815,Patrat,NORMAL,255,45,55,39,35,39,42
816,Watchog,NORMAL,420,60,85,69,60,69,77
817,Lillipup,NORMAL,275,45,60,45,25,45,55
818,Herdier,NORMAL,370,65,80,65,35,65,60
819,Stoutland,NORMAL,490,85,100,90,45,90,80
820,Purrloin,DARK,281,41,50,37,50,37,66
821,Liepard,DARK,446,64,88,50,88,50,106
822,Pansage,GRASS,316,50,53,48,53,48,64
823,Simisage,GRASS,498,75,98,63,98,63,101
824,Pansear,FIRE,316,50,53,48,53,48,64
825,Simisear,FIRE,498,75,98,63,98,63,101
826,Panpour,WATER,316,50,53,48,53,48,64
827,Simipour,WATER,498,75,98,63,98,63,101
828,Munna,PSYCHIC,292,76,25,45,67,55,24
829,Musharna,PSYCHIC,487,116,55,85,107,95,29
830,Pidove,NORMAL,264,50,55,50,36,30,43
831,Pidove,FLYING,264,50,55,50,36,30,43
832,Tranquill,NORMAL,358,62,77,62,50,42,65
833,Tranquill,FLYING,358,62,77,62,50,42,65
834,Unfezant,NORMAL,478,80,105,80,65,55,93
835,Unfezant,FLYING,478,80,105,80,65,55,93
836,Blitzle,ELECTRIC,295,45,60,32,50,32,76
837,Zebstrika,ELECTRIC,497,75,100,63,80,63,116
838,Roggenrola,ROCK,280,55,75,85,25,25,15
839,Boldore,ROCK,390,70,105,105,50,40,20
840,Gigalith,ROCK,505,85,135,130,60,70,25
841,Woobat,PSYCHIC,313,55,45,43,55,43,72
842,Woobat,FLYING,313,55,45,43,55,43,72
843,Swoobat,PSYCHIC,425,67,57,55,77,55,114
844,Swoobat,FLYING,425,67,57,55,77,55,114
845,Drilbur,GROUND,328,60,85,40,30,45,68
846,Excadrill,GROUND,508,110,135,60,50,65,88
847,Excadrill,STEEL,508,110,135,60,50,65,88
848,Audino,NORMAL,445,103,60,86,60,86,50
849,Timburr,FIGHTING,305,75,80,55,25,35,35
850,Gurdurr,FIGHTING,405,85,105,85,40,50,40
851,Conkeldurr,FIGHTING,505,105,140,95,55,65,45
852,Tympole,WATER,294,50,50,40,50,40,64
853,Palpitoad,WATER,384,75,65,55,65,55,69
854,Palpitoad,GROUND,384,75,65,55,65,55,69
855,Seismitoad,WATER,499,105,85,75,85,75,74
856,Seismitoad,GROUND,499,105,85,75,85,75,74
857,Throh,FIGHTING,465,120,100,85,30,85,45
858,Sawk,FIGHTING,465,75,125,75,30,75,85
859,Sewaddle,BUG,310,45,53,70,40,60,42
860,Sewaddle,GRASS,310,45,53,70,40,60,42
861,Swadloon,BUG,380,55,63,90,50,80,42
862,Swadloon,GRASS,380,55,63,90,50,80,42
863,Leavanny,BUG,490,75,103,80,70,70,92
864,Leavanny,GRASS,490,75,103,80,70,70,92
865,Venipede,BUG,260,30,45,59,30,39,57
866,Venipede,POISON,260,30,45,59,30,39,57
867,Whirlipede,BUG,360,40,55,99,40,79,47
868,Whirlipede,POISON,360,40,55,99,40,79,47
869,Scolipede,BUG,475,60,90,89,55,69,112
870,Scolipede,POISON,475,60,90,89,55,69,112
871,Cottonee,GRASS,280,40,27,60,37,50,66
872,Whimsicott,GRASS,480,60,67,85,77,75,116
873,Petilil,GRASS,280,45,35,50,70,50,30
874,Lilligant,GRASS,480,70,60,75,110,75,90
875,Basculin,WATER,460,70,92,65,80,55,98
876,Sandile,GROUND,292,50,72,35,35,35,65
877,Sandile,DARK,292,50,72,35,35,35,65
878,Krokorok,GROUND,351,60,82,45,45,45,74
879,Krokorok,DARK,351,60,82,45,45,45,74
880,Krookodile,GROUND,509,95,117,70,65,70,92
881,Krookodile,DARK,509,95,117,70,65,70,92
882,Darumaka,FIRE,315,70,90,45,15,45,50
883,Darmanitan- Standard Mode,FIRE,480,105,140,55,30,55,95
884,Darmanitan- Standard Mode,FIRE,480,105,140,55,30,55,95
885,Darmanitan- Zen Mode,FIRE,540,105,30,105,140,105,55
886,Darmanitan- Zen Mode,PSYCHIC,540,105,30,105,140,105,55
887,Maractus,GRASS,461,75,86,67,106,67,60
888,Dwebble,BUG,325,50,65,85,35,35,55
889,Dwebble,ROCK,325,50,65,85,35,35,55
890,Crustle,BUG,475,70,95,125,65,75,45
891,Crustle,ROCK,475,70,95,125,65,75,45
892,Scraggy,DARK,348,50,75,70,35,70,48
893,Scraggy,FIGHTING,348,50,75,70,35,70,48
894,Scrafty,DARK,488,65,90,115,45,115,58
895,Scrafty,FIGHTING,488,65,90,115,45,115,58
896,Sigilyph,PSYCHIC,490,72,58,80,103,80,97
897,Sigilyph,FLYING,490,72,58,80,103,80,97
898,Yamask,GHOST,303,38,30,85,55,65,30
899,Cofagrigus,GHOST,483,58,50,145,95,105,30
900,Tirtouga,WATER,355,54,78,103,53,45,22
901,Tirtouga,ROCK,355,54,78,103,53,45,22
902,Carracosta,WATER,495,74,108,133,83,65,32
903,Carracosta,ROCK,495,74,108,133,83,65,32
904,Archen,ROCK,401,55,112,45,74,45,70
905,Archen,FLYING,401,55,112,45,74,45,70
906,Archeops,ROCK,567,75,140,65,112,65,110
907,Archeops,FLYING,567,75,140,65,112,65,110
908,Trubbish,POISON,329,50,50,62,40,62,65
909,Garbodor,POISON,474,80,95,82,60,82,75
910,Zorua,DARK,330,40,65,40,80,40,65
911,Zoroark,DARK,510,60,105,60,120,60,105
912,Minccino,NORMAL,300,55,50,40,40,40,75
913,Cinccino,NORMAL,470,75,95,60,65,60,115
914,Gothita,PSYCHIC,290,45,30,50,55,65,45
915,Gothorita,PSYCHIC,390,60,45,70,75,85,55
916,Gothitelle,PSYCHIC,490,70,55,95,95,110,65
917,Solosis,PSYCHIC,290,45,30,40,105,50,20
918,Duosion,PSYCHIC,370,65,40,50,125,60,30
919,Reuniclus,PSYCHIC,490,110,65,75,125,85,30
920,Ducklett,WATER,305,62,44,50,44,50,55
921,Ducklett,FLYING,305,62,44,50,44,50,55
922,Swanna,WATER,473,75,87,63,87,63,98
923,Swanna,FLYING,473,75,87,63,87,63,98
924,Vanillite,ICE,305,36,50,50,65,60,44
925,Vanillish,ICE,395,51,65,65,80,75,59
926,Vanilluxe,ICE,535,71,95,85,110,95,79
927,Deerling,NORMAL,335,60,60,50,40,50,75
928,Deerling,GRASS,335,60,60,50,40,50,75
929,Sawsbuck,NORMAL,475,80,100,70,60,70,95
930,Sawsbuck,GRASS,475,80,100,70,60,70,95
931,Emolga,ELECTRIC,428,55,75,60,75,60,103
932,Emolga,FLYING,428,55,75,60,75,60,103
933,Karrablast,BUG,315,50,75,45,40,45,60
934,Escavalier,BUG,495,70,135,105,60,105,20
935,Escavalier,STEEL,495,70,135,105,60,105,20
936,Foongus,GRASS,294,69,55,45,55,55,15
937,Foongus,POISON,294,69,55,45,55,55,15
938,Amoonguss,GRASS,464,114,85,70,85,80,30
939,Amoonguss,POISON,464,114,85,70,85,80,30
940,Frillish,WATER,335,55,40,50,65,85,40
941,Frillish,GHOST,335,55,40,50,65,85,40
942,Jellicent,WATER,480,100,60,70,85,105,60
943,Jellicent,GHOST,480,100,60,70,85,105,60
944,Alomomola,WATER,470,165,75,80,40,45,65
945,Joltik,BUG,319,50,47,50,57,50,65
946,Joltik,ELECTRIC,319,50,47,50,57,50,65
947,Galvantula,BUG,472,70,77,60,97,60,108
948,Galvantula,ELECTRIC,472,70,77,60,97,60,108
949,Ferroseed,GRASS,305,44,50,91,24,86,10
950,Ferroseed,STEEL,305,44,50,91,24,86,10
951,Ferrothorn,GRASS,489,74,94,131,54,116,20
952,Ferrothorn,STEEL,489,74,94,131,54,116,20
953,Klink,STEEL,300,40,55,70,45,60,30
954,Klang,STEEL,440,60,80,95,70,85,50
955,Klinklang,STEEL,520,60,100,115,70,85,90
956,Tynamo,ELECTRIC,275,35,55,40,45,40,60
957,Eelektrik,ELECTRIC,405,65,85,70,75,70,40
958,Eelektross,ELECTRIC,515,85,115,80,105,80,50
959,Elgyem,PSYCHIC,335,55,55,55,85,55,30
960,Beheeyem,PSYCHIC,485,75,75,75,125,95,40
961,Litwick,GHOST,275,50,30,55,65,55,20
962,Litwick,FIRE,275,50,30,55,65,55,20
963,Lampent,GHOST,370,60,40,60,95,60,55
964,Lampent,FIRE,370,60,40,60,95,60,55
965,Chandelure,GHOST,520,60,55,90,145,90,80
966,Chandelure,FIRE,520,60,55,90,145,90,80
967,Axew,DRAGON,320,46,87,60,30,40,57
968,Fraxure,DRAGON,410,66,117,70,40,50,67
969,Haxorus,DRAGON,540,76,147,90,60,70,97
970,Cubchoo,ICE,305,55,70,40,60,40,40
971,Beartic,ICE,485,95,110,80,70,80,50
972,Cryogonal,ICE,485,70,50,30,95,135,105
973,Shelmet,BUG,305,50,40,85,40,65,25
974,Accelgor,BUG,495,80,70,40,100,60,145
975,Stunfisk,ELECTRIC,471,109,66,84,81,99,32
976,Stunfisk,GROUND,471,109,66,84,81,99,32
977,Mienfoo,FIGHTING,350,45,85,50,55,50,65
978,Mienshao,FIGHTING,510,65,125,60,95,60,105
979,Druddigon,DRAGON,485,77,120,90,60,90,48
980,Golett,GROUND,303,59,74,50,35,50,35
981,Golett,GHOST,303,59,74,50,35,50,35
982,Golurk,GROUND,483,89,124,80,55,80,55
983,Golurk,GHOST,483,89,124,80,55,80,55
984,Pawniard,DARK,340,45,85,70,40,40,60
985,Pawniard,STEEL,340,45,85,70,40,40,60
986,Bisharp,DARK,490,65,125,100,60,70,70
987,Bisharp,STEEL,490,65,125,100,60,70,70
988,Bouffalant,NORMAL,490,95,110,95,40,95,55
989,Rufflet,NORMAL,350,70,83,50,37,50,60
990,Rufflet,FLYING,350,70,83,50,37,50,60
991,Braviary,NORMAL,510,100,123,75,57,75,80
992,Braviary,FLYING,510,100,123,75,57,75,80
993,Vullaby,DARK,370,70,55,75,45,65,60
994,Vullaby,FLYING,370,70,55,75,45,65,60
995,Mandibuzz,DARK,510,110,65,105,55,95,80
996,Mandibuzz,FLYING,510,110,65,105,55,95,80
997,Heatmor,FIRE,484,85,97,66,105,66,65
998,Durant,BUG,484,58,109,112,48,48,109
999,Durant,STEEL,484,58,109,112,48,48,109
1000,Deino,DARK,300,52,65,50,45,50,38
1001,Deino,DRAGON,300,52,65,50,45,50,38
1002,Zweilous,DARK,420,72,85,70,65,70,58
1003,Zweilous,DRAGON,420,72,85,70,65,70,58
1004,Hydreigon,DARK,600,92,105,90,125,90,98
1005,Hydreigon,DRAGON,600,92,105,90,125,90,98
1006,Larvesta,BUG,360,55,85,55,50,55,60
1007,Larvesta,FIRE,360,55,85,55,50,55,60
1008,Volcarona,BUG,550,85,60,65,135,105,100
1009,Volcarona,FIRE,550,85,60,65,135,105,100
1010,Cobalion,STEEL,580,91,90,129,90,72,108
1011,Cobalion,FIGHTING,580,91,90,129,90,72,108
1012,Terrakion,ROCK,580,91,129,90,72,90,108
1013,Terrakion,FIGHTING,580,91,129,90,72,90,108
1014,Virizion,GRASS,580,91,90,72,90,129,108
1015,Virizion,FIGHTING,580,91,90,72,90,129,108
1016,Tornadus- Incarnate Forme,FLYING,580,79,115,70,125,80,111
1017,Tornadus- Incarnate Forme,FLYING,580,79,115,70,125,80,111
1018,Tornadus- Therian Forme,FLYING,580,79,100,80,110,90,121
1019,Tornadus- Therian Forme,FLYING,580,79,100,80,110,90,121
1020,Thundurus- Incarnate Forme,ELECTRIC,580,79,115,70,125,80,111
1021,Thundurus- Incarnate Forme,FLYING,580,79,115,70,125,80,111
1022,Thundurus- Therian Forme,ELECTRIC,580,79,105,70,145,80,101
1023,Thundurus- Therian Forme,FLYING,580,79,105,70,145,80,101
1024,Reshiram,DRAGON,680,100,120,100,150,120,90
1025,Reshiram,FIRE,680,100,120,100,150,120,90
1026,Zekrom,DRAGON,680,100,150,120,120,100,90
1027,Zekrom,ELECTRIC,680,100,150,120,120,100,90
1028,Landorus- Incarnate Forme,GROUND,600,89,125,90,115,80,101
1029,Landorus- Incarnate Forme,FLYING,600,89,125,90,115,80,101
1030,Landorus- Therian Forme,GROUND,600,89,145,90,105,80,91
1031,Landorus- Therian Forme,FLYING,600,89,145,90,105,80,91
1032,Kyurem,DRAGON,660,125,130,90,130,90,95
1033,Kyurem,ICE,660,125,130,90,130,90,95
1034,White Kyurem,DRAGON,700,125,120,90,170,100,95
1035,White Kyurem,ICE,700,125,120,90,170,100,95
1036,Black Kyurem,DRAGON,700,125,170,100,120,90,95
1037,Black Kyurem,ICE,700,125,170,100,120,90,95
1038,Keldeo- Ordinary Forme,WATER,580,91,72,90,129,90,108
1039,Keldeo- Ordinary Forme,FIGHTING,580,91,72,90,129,90,108
1040,Keldeo- Resolute Forme,WATER,580,91,72,90,129,90,108
1041,Keldeo- Resolute Forme,FIGHTING,580,91,72,90,129,90,108
1042,Meloetta- Aria Forme,NORMAL,600,100,77,77,128,128,90
1043,Meloetta- Aria Forme,PSYCHIC,600,100,77,77,128,128,90
1044,Meloetta- Pirouette Forme,NORMAL,600,100,128,90,77,77,128
1045,Meloetta- Pirouette Forme,FIGHTING,600,100,128,90,77,77,128
1046,Genesect,BUG,600,71,120,95,120,95,99
1047,Genesect,STEEL,600,71,120,95,120,95,99
1048,Chespin,GRASS,313,56,61,65,48,45,38
1049,Quilladin,GRASS,405,61,78,95,56,58,57
1050,Chesnaught,GRASS,530,88,107,122,74,75,64
1051,Chesnaught,FIGHTING,530,88,107,122,74,75,64
1052,Fennekin,FIRE,307,40,45,40,62,60,60
1053,Braixen,FIRE,409,59,59,58,90,70,73
1054,Delphox,FIRE,534,75,69,72,114,100,104
1055,Delphox,PSYCHIC,534,75,69,72,114,100,104
1056,Froakie,WATER,314,41,56,40,62,44,71
1057,Frogadier,WATER,405,54,63,52,83,56,97
1058,Greninja,WATER,530,72,95,67,103,71,122
1059,Greninja,DARK,530,72,95,67,103,71,122
1060,Bunnelby,NORMAL,237,38,36,38,32,36,57
1061,Diggersby,NORMAL,423,85,56,77,50,77,78
1062,Diggersby,GROUND,423,85,56,77,50,77,78
1063,Fletchling,NORMAL,278,45,50,43,40,38,62
1064,Fletchling,FLYING,278,45,50,43,40,38,62
1065,Fletchinder,FIRE,382,62,73,55,56,52,84
1066,Fletchinder,FLYING,382,62,73,55,56,52,84
1067,Talonflame,FIRE,499,78,81,71,74,69,126
1068,Talonflame,FLYING,499,78,81,71,74,69,126
1069,Scatterbug,BUG,200,38,35,40,27,25,35
1070,Spewpa,BUG,213,45,22,60,27,30,29
1071,Vivillon,BUG,411,80,52,50,90,50,89
1072,Vivillon,FLYING,411,80,52,50,90,50,89
1073,Litleo,FIRE,369,62,50,58,73,54,72
1074,Litleo,NORMAL,369,62,50,58,73,54,72
1075,Pyroar,FIRE,507,86,68,72,109,66,106
1076,Pyroar,NORMAL,507,86,68,72,109,66,106
1077,Flabébé,FAIRY,303,44,38,39,61,79,42
1078,Floette,FAIRY,371,54,45,47,75,98,52
1079,Florges,FAIRY,552,78,65,68,112,154,75
1080,Skiddo,GRASS,350,66,65,48,62,57,52
1081,Gogoat,GRASS,531,123,100,62,97,81,68
1082,Pancham,FIGHTING,348,67,82,62,46,48,43
1083,Pangoro,FIGHTING,495,95,124,78,69,71,58
1084,Pangoro,DARK,495,95,124,78,69,71,58
1085,Furfrou,NORMAL,472,75,80,60,65,90,102
1086,Espurr,PSYCHIC,355,62,48,54,63,60,68
1087,Meowstic,PSYCHIC,466,74,48,76,83,81,104
1088,Honedge,STEEL,325,45,80,100,35,37,28
1089,Honedge,GHOST,325,45,80,100,35,37,28
1090,Doublade,STEEL,448,59,110,150,45,49,35
1091,Doublade,GHOST,448,59,110,150,45,49,35
1092,Aegislash- Blade Forme,STEEL,520,60,150,50,150,50,60
1093,Aegislash- Blade Forme,GHOST,520,60,150,50,150,50,60
1094,Aegislash- Shield Forme,STEEL,520,60,50,150,50,150,60
1095,Aegislash- Shield Forme,GHOST,520,60,50,150,50,150,60
1096,Spritzee,FAIRY,341,78,52,60,63,65,23
1097,Aromatisse,FAIRY,462,101,72,72,99,89,29
1098,Swirlix,FAIRY,341,62,48,66,59,57,49
1099,Slurpuff,FAIRY,480,82,80,86,85,75,72
1100,Inkay,DARK,288,53,54,53,37,46,45
1101,Inkay,PSYCHIC,288,53,54,53,37,46,45
1102,Malamar,DARK,482,86,92,88,68,75,73
1103,Malamar,PSYCHIC,482,86,92,88,68,75,73
1104,Binacle,ROCK,306,42,52,67,39,56,50
1105,Binacle,WATER,306,42,52,67,39,56,50
1106,Barbaracle,ROCK,500,72,105,115,54,86,68
1107,Barbaracle,WATER,500,72,105,115,54,86,68
1108,Skrelp,POISON,320,50,60,60,60,60,30
1109,Skrelp,WATER,320,50,60,60,60,60,30
1110,Dragalge,POISON,494,65,75,90,97,123,44
1111,Dragalge,DRAGON,494,65,75,90,97,123,44
1112,Clauncher,WATER,330,50,53,62,58,63,44
1113,Clawitzer,WATER,500,71,73,88,120,89,59
1114,Helioptile,ELECTRIC,289,44,38,33,61,43,70
1115,Helioptile,NORMAL,289,44,38,33,61,43,70
1116,Heliolisk,ELECTRIC,481,62,55,52,109,94,109
1117,Heliolisk,NORMAL,481,62,55,52,109,94,109
1118,Tyrunt,ROCK,362,58,89,77,45,45,48
1119,Tyrunt,DRAGON,362,58,89,77,45,45,48
1120,Tyrantrum,ROCK,521,82,121,119,69,59,71
1121,Tyrantrum,DRAGON,521,82,121,119,69,59,71
1122,Amaura,ROCK,362,77,59,50,67,63,46
1123,Amaura,ICE,362,77,59,50,67,63,46
1124,Aurorus,ROCK,521,123,77,72,99,92,58
1125,Aurorus,ICE,521,123,77,72,99,92,58
1126,Sylveon,FAIRY,525,95,65,65,110,130,60
1127,Hawlucha,FIGHTING,500,78,92,75,74,63,118
1128,Hawlucha,FLYING,500,78,92,75,74,63,118
1129,Dedenne,ELECTRIC,431,67,58,57,81,67,101
1130,Dedenne,FAIRY,431,67,58,57,81,67,101
1131,Carbink,ROCK,500,50,50,150,50,150,50
1132,Carbink,FAIRY,500,50,50,150,50,150,50
1133,Goomy,DRAGON,300,45,50,35,55,75,40
1134,Sliggoo,DRAGON,452,68,75,53,83,113,60
1135,Goodra,DRAGON,600,90,100,70,110,150,80
1136,Klefki,STEEL,470,57,80,91,80,87,75
1137,Klefki,FAIRY,470,57,80,91,80,87,75
1138,Phantump,GHOST,309,43,70,48,50,60,38
1139,Phantump,GRASS,309,43,70,48,50,60,38
1140,Trevenant,GHOST,474,85,110,76,65,82,56
1141,Trevenant,GRASS,474,85,110,76,65,82,56
1142,Pumpkaboo- Average Size,GHOST,335,49,66,70,44,55,51
1143,Pumpkaboo- Average Size,GRASS,335,49,66,70,44,55,51
1144,Pumpkaboo- Small Size,GHOST,335,44,66,70,44,55,56
1145,Pumpkaboo- Small Size,GRASS,335,44,66,70,44,55,56
1146,Pumpkaboo- Large Size,GHOST,335,54,66,70,44,55,46
1147,Pumpkaboo- Large Size,GRASS,335,54,66,70,44,55,46
1148,Pumpkaboo- Super Size,GHOST,335,59,66,70,44,55,41
1149,Pumpkaboo- Super Size,GRASS,335,59,66,70,44,55,41
1150,Gourgeist- Average Size,GHOST,494,65,90,122,58,75,84
1151,Gourgeist- Average Size,GRASS,494,65,90,122,58,75,84
1152,Gourgeist- Small Size,GHOST,494,55,85,122,58,75,99
1153,Gourgeist- Small Size,GRASS,494,55,85,122,58,75,99
1154,Gourgeist- Large Size,GHOST,494,75,95,122,58,75,69
1155,Gourgeist- Large Size,GRASS,494,75,95,122,58,75,69
1156,Gourgeist-Super Size,GHOST,494,85,100,122,58,75,54
1157,Gourgeist-Super Size,GRASS,494,85,100,122,58,75,54
1158,Bergmite,ICE,304,55,69,85,32,35,28
1159,Avalugg,ICE,514,95,117,184,44,46,28
1160,Noibat,FLYING,245,40,30,35,45,40,55
1161,Noibat,DRAGON,245,40,30,35,45,40,55
1162,Noivern,FLYING,535,85,70,80,97,80,123
1163,Noivern,DRAGON,535,85,70,80,97,80,123
1164,Xerneas,FAIRY,680,126,131,95,131,98,99
1165,Yveltal,DARK,680,126,131,95,131,98,99
1166,Yveltal,FLYING,680,126,131,95,131,98,99
1167,Zygarde,DRAGON,600,108,100,121,81,95,95
1168,Zygarde,GROUND,600,108,100,121,81,95,95
